input,max_epsilon
"[4.8, 3.0, 1.4, 0.3]",0.0001
"[5.1, 3.4, 1.5, 0.2]",0.0003
"[4.6, 3.6, 1.0, 0.2]",0.0008
"[5.4, 3.7, 1.5, 0.2]",0.0016
"[5.1, 3.5, 1.4, 0.2]",0.0016
mean,0.00088±0.0007049822692805827
