input,max_epsilon
"[4.8, 3.0, 1.4, 0.3]",0.0774
"[5.1, 3.4, 1.5, 0.2]",0.0313
"[4.6, 3.6, 1.0, 0.2]",0.2001
"[5.4, 3.7, 1.5, 0.2]",0.0292
"[5.1, 3.5, 1.4, 0.2]",0.0696
"[5.5, 4.2, 1.4, 0.2]",0.0418
"[5.0, 3.6, 1.4, 0.2]",0.0654
"[4.8, 3.0, 1.4, 0.1]",0.0776
"[5.4, 3.4, 1.5, 0.4]",0.0292
"[4.4, 3.2, 1.3, 0.2]",0.128
mean,0.07496±0.053541307002683045
