input,max_epsilon
"[0.4006899920563048, -0.7853981633848233, 0.7853981633848233, -0.36717383381801905, 0.36717383381801905]",0.1322
mean,0.1322±nan
